{"hidden_channels": 160, "num_layers": 4, "dropout": 0.15000000000000002, "learning_rate": 0.0036970479321033517, "weight_decay": 0.00016152622944788457, "batch_size": 128}